PCB_ID,Layer_Count,Clock_Frequency_MHz,Rise_Time_ns,Signal_GND_Distance_mm,Trace_Length_mm,Stub_Length_mm,Differential_Pair_Symmetry,Ground_Plane,Shielding,Switching_Regulator,EMI_Score,Result
PCB_0001,6,511,1.4,1.21,223,6.72,88.1,0,0,0,125,FAIL
PCB_0002,8,154,6.7,1.41,180,4.81,100.0,1,1,1,30,PASS
PCB_0003,2,210,3.47,1.78,47,8.1,81.1,0,1,0,75,FAIL
PCB_0004,6,470,4.29,2.3,276,9.51,91.6,0,1,0,95,FAIL
PCB_0005,6,567,8.65,0.39,184,0.22,81.7,1,1,1,55,PASS
PCB_0006,8,556,0.59,2.68,82,9.83,83.1,1,1,0,80,FAIL
PCB_0007,2,262,6.09,0.14,41,0.86,88.8,1,1,0,30,PASS
PCB_0008,2,399,6.19,1.17,89,8.14,90.2,0,1,1,105,FAIL
PCB_0009,6,265,4.27,0.18,115,2.8,85.2,0,1,1,40,PASS
PCB_0010,4,459,2.75,1.24,182,1.32,86.3,0,1,0,90,FAIL
PCB_0011,6,19,2.73,1.62,98,4.4,81.7,0,1,1,55,PASS
PCB_0012,6,251,8.9,1.58,24,6.44,86.1,0,1,0,60,FAIL
PCB_0013,6,260,4.7,0.58,139,3.81,99.3,1,1,0,5,PASS
PCB_0014,6,14,3.64,1.97,197,0.55,98.9,1,0,1,45,PASS
PCB_0015,8,128,4.76,0.23,195,5.99,86.7,0,0,1,65,FAIL
PCB_0016,2,383,6.86,2.31,236,9.02,91.4,0,1,0,110,FAIL
PCB_0017,8,74,1.88,2.85,75,3.83,98.2,0,1,1,60,FAIL
PCB_0018,8,155,4.77,1.09,206,2.16,80.1,0,1,1,60,FAIL
PCB_0019,8,233,6.08,1.6,251,4.43,96.2,0,0,0,55,PASS
PCB_0020,6,248,9.51,1.2,274,0.48,99.0,1,0,0,40,PASS
PCB_0021,4,186,2.9,0.12,123,8.2,81.8,1,0,0,40,PASS
PCB_0022,2,291,3.91,1.22,96,8.26,83.2,1,1,0,55,PASS
PCB_0023,4,72,4.1,2.4,249,5.88,99.2,0,1,0,65,FAIL
PCB_0024,8,226,6.25,1.83,277,3.53,90.8,0,1,0,55,PASS
PCB_0025,8,470,3.89,0.39,283,8.0,80.3,1,1,1,60,FAIL
PCB_0026,4,114,5.57,2.56,201,5.55,85.2,1,0,0,65,FAIL
PCB_0027,4,108,7.93,1.64,275,8.26,89.0,0,1,1,80,FAIL
PCB_0028,4,520,7.2,2.54,57,6.31,93.9,1,0,1,85,FAIL
PCB_0029,8,394,4.74,1.78,195,7.84,94.7,1,0,0,80,FAIL
PCB_0030,8,414,8.71,1.72,46,5.99,99.9,0,1,1,75,FAIL
PCB_0031,2,527,5.8,0.41,295,4.14,85.8,1,0,0,75,FAIL
PCB_0032,2,485,5.63,0.59,159,9.58,90.8,1,0,1,90,FAIL
PCB_0033,8,446,0.82,2.92,110,5.41,90.7,1,0,0,90,FAIL
PCB_0034,4,32,9.87,0.76,80,6.05,88.1,0,0,0,60,FAIL
PCB_0035,4,574,1.67,2.93,182,2.2,83.4,1,1,0,90,FAIL
PCB_0036,2,467,2.7,1.64,162,6.26,99.5,1,1,0,80,FAIL
PCB_0037,8,92,0.99,0.49,272,5.72,97.1,1,0,1,55,PASS
PCB_0038,2,154,6.58,0.39,288,1.85,90.0,0,1,1,65,FAIL
PCB_0039,2,94,2.63,0.71,206,0.6,92.1,0,0,1,75,FAIL
PCB_0040,6,87,2.21,2.78,105,6.04,84.5,1,1,1,45,PASS
PCB_0041,6,466,1.34,1.3,185,7.64,90.9,0,1,1,120,FAIL
PCB_0042,6,10,1.48,1.25,133,5.23,93.9,1,1,0,60,FAIL
PCB_0043,4,60,6.05,1.01,202,2.27,90.3,0,1,0,65,FAIL
PCB_0044,8,455,7.04,0.53,226,6.67,99.8,0,1,0,65,FAIL
PCB_0045,8,458,4.28,1.51,275,0.8,92.2,1,0,0,70,FAIL
PCB_0046,8,497,5.06,0.48,254,4.42,87.4,1,1,0,45,PASS
PCB_0047,8,43,7.02,2.52,22,1.63,95.4,1,0,1,30,PASS
PCB_0048,6,357,0.67,1.17,227,1.84,83.4,0,0,0,115,FAIL
PCB_0049,4,104,3.57,1.19,216,2.02,87.7,1,1,0,45,PASS
PCB_0050,4,81,9.74,1.47,144,3.87,86.9,0,0,1,70,FAIL
PCB_0051,6,560,6.01,1.39,157,0.51,88.6,0,1,1,90,FAIL
PCB_0052,4,163,2.92,2.99,44,3.98,95.6,1,0,0,35,PASS
PCB_0053,6,259,5.46,1.68,87,5.12,89.7,0,0,0,70,FAIL
PCB_0054,8,447,3.76,0.36,80,4.83,95.9,1,1,1,30,PASS
PCB_0055,6,127,5.56,1.86,48,3.83,91.5,0,1,0,50,PASS
PCB_0056,8,315,1.69,0.54,38,8.39,86.8,1,1,0,65,FAIL
PCB_0057,8,277,1.76,0.19,190,1.45,96.2,0,1,0,50,PASS
PCB_0058,2,63,1.86,2.92,93,5.06,84.8,0,0,1,110,FAIL
PCB_0059,6,245,9.43,2.34,80,0.62,84.5,1,1,0,30,PASS
PCB_0060,2,398,7.46,2.94,172,0.71,90.1,0,0,0,110,FAIL
PCB_0061,6,410,2.04,1.49,295,5.74,85.2,1,0,1,90,FAIL
PCB_0062,6,312,2.29,1.64,67,5.66,80.2,0,0,1,100,FAIL
PCB_0063,2,216,7.44,0.59,230,8.78,93.0,0,0,1,85,FAIL
PCB_0064,2,238,1.98,0.82,158,5.58,90.2,0,0,0,100,FAIL
PCB_0065,6,587,2.73,2.53,129,9.6,88.9,1,0,1,80,FAIL
PCB_0066,4,84,9.65,1.13,202,0.49,99.3,1,1,0,35,PASS
PCB_0067,8,444,2.93,2.5,47,0.98,91.4,1,0,1,65,FAIL
PCB_0068,2,112,6.79,2.16,216,0.44,97.3,1,0,0,55,PASS
PCB_0069,8,431,9.8,0.61,210,1.85,82.8,1,0,1,60,FAIL
PCB_0070,4,315,4.06,1.57,70,5.41,91.4,0,1,0,90,FAIL
PCB_0071,4,107,0.67,2.06,168,6.46,97.4,0,1,0,85,FAIL
PCB_0072,4,344,2.82,0.78,287,0.46,91.7,1,0,1,70,FAIL
PCB_0073,2,444,8.39,2.51,69,9.46,94.4,0,1,1,105,FAIL
PCB_0074,4,456,8.71,1.68,265,8.42,87.4,0,0,0,110,FAIL
PCB_0075,2,317,7.8,0.58,132,2.97,81.8,0,1,1,80,FAIL
PCB_0076,4,258,1.57,1.79,189,0.77,89.2,0,0,0,95,FAIL
PCB_0077,8,175,8.06,3.0,185,1.7,87.9,1,1,1,40,PASS
PCB_0078,8,490,9.23,0.54,33,1.27,97.3,0,1,1,50,PASS
PCB_0079,6,344,6.21,2.47,222,1.23,84.9,1,1,0,65,FAIL
PCB_0080,8,551,9.44,0.7,208,5.19,99.3,1,0,1,60,FAIL
PCB_0081,6,115,8.35,2.37,174,2.46,99.2,0,0,1,65,FAIL
PCB_0082,8,572,6.84,2.23,74,3.58,85.0,1,0,0,60,FAIL
PCB_0083,2,90,5.98,0.97,201,9.9,87.0,0,1,0,70,FAIL
PCB_0084,8,142,3.81,1.04,229,6.84,97.9,0,1,1,60,FAIL
PCB_0085,6,147,2.01,2.4,94,9.49,99.3,0,0,0,60,FAIL
PCB_0086,6,193,6.25,1.44,296,1.43,88.9,1,1,1,45,PASS
PCB_0087,4,410,3.52,2.22,152,3.82,86.4,1,0,1,85,FAIL
PCB_0088,2,339,8.73,0.53,78,5.55,90.5,1,0,0,75,FAIL
PCB_0089,8,517,9.94,2.57,201,0.77,93.8,0,0,0,90,FAIL
PCB_0090,4,78,7.65,2.16,83,0.04,85.5,0,0,0,65,FAIL
PCB_0091,8,555,1.36,2.73,279,6.7,94.7,0,1,0,110,FAIL
PCB_0092,8,62,3.24,0.48,212,6.42,81.0,1,1,0,30,PASS
PCB_0093,4,459,1.54,1.82,162,4.11,81.0,0,1,0,110,FAIL
PCB_0094,4,214,6.68,1.84,123,4.9,87.7,0,0,1,70,FAIL
PCB_0095,4,135,7.77,1.13,233,4.15,87.1,1,1,1,50,PASS
PCB_0096,4,52,9.29,1.43,261,0.24,86.3,1,0,0,55,PASS
PCB_0097,4,120,4.66,0.21,228,3.35,89.8,1,0,1,45,PASS
PCB_0098,8,192,9.06,2.26,112,1.77,86.4,0,0,1,60,FAIL
PCB_0099,4,104,8.84,1.69,161,0.98,83.8,0,0,1,80,FAIL
PCB_0100,2,383,3.51,0.27,131,9.57,86.2,0,0,1,100,FAIL
PCB_0101,6,529,8.75,2.07,78,5.99,99.5,1,0,0,65,FAIL
PCB_0102,4,369,4.07,1.45,62,7.29,88.2,1,1,1,75,FAIL
PCB_0103,4,290,3.32,0.2,226,3.15,88.9,1,1,1,35,PASS
PCB_0104,8,204,6.67,2.91,287,3.93,91.5,1,1,0,35,PASS
PCB_0105,4,204,3.62,2.85,137,2.37,99.7,0,1,0,45,PASS
PCB_0106,4,102,6.49,1.59,39,0.97,84.8,0,0,0,65,FAIL
PCB_0107,4,70,6.29,0.37,241,1.79,93.6,0,0,0,60,FAIL
PCB_0108,8,60,5.85,2.29,185,7.98,94.3,0,1,1,70,FAIL
PCB_0109,4,412,4.11,1.53,150,6.78,92.1,0,1,0,90,FAIL
PCB_0110,6,14,5.71,0.98,175,5.47,81.8,0,1,1,60,FAIL
PCB_0111,8,475,6.17,1.53,203,4.75,93.5,0,1,1,85,FAIL
PCB_0112,6,543,5.68,1.62,109,9.22,81.3,0,1,0,85,FAIL
PCB_0113,8,414,4.72,1.73,113,0.73,91.9,1,1,0,50,PASS
PCB_0114,4,522,0.64,1.38,32,2.81,94.8,1,1,0,80,FAIL
PCB_0115,6,242,6.08,1.86,249,3.5,84.2,0,1,0,60,FAIL
PCB_0116,8,533,2.1,2.76,45,7.82,96.8,1,0,0,60,FAIL
PCB_0117,2,355,6.6,1.15,94,9.93,80.6,0,0,0,110,FAIL
PCB_0118,4,55,7.71,2.2,169,2.41,96.9,0,0,1,70,FAIL
PCB_0119,8,555,5.25,2.69,167,8.74,89.2,1,0,1,85,FAIL
PCB_0120,2,87,5.65,1.42,27,8.31,84.4,0,1,1,80,FAIL
PCB_0121,8,82,9.54,1.39,48,2.25,82.7,0,0,1,60,FAIL
PCB_0122,2,258,8.55,1.85,228,3.99,99.1,0,1,0,65,FAIL
PCB_0123,4,56,9.19,1.82,147,4.1,81.5,0,0,0,65,FAIL
PCB_0124,6,130,8.23,2.44,135,9.78,84.0,0,1,1,65,FAIL
PCB_0125,2,223,1.53,1.48,163,1.81,87.0,0,1,1,100,FAIL
PCB_0126,8,248,1.92,2.99,254,7.99,92.4,0,0,1,100,FAIL
PCB_0127,4,65,5.5,0.27,26,3.34,90.9,1,0,0,30,PASS
PCB_0128,2,359,2.84,0.11,64,7.31,82.5,1,1,0,65,FAIL
PCB_0129,8,116,5.03,1.96,258,4.2,85.8,0,1,0,55,PASS
PCB_0130,8,57,4.25,0.97,174,5.78,84.8,1,1,1,35,PASS
PCB_0131,8,582,5.72,0.8,200,8.33,84.3,0,0,1,90,FAIL
PCB_0132,2,346,7.6,1.0,234,8.04,88.2,0,0,0,105,FAIL
PCB_0133,2,35,7.3,0.84,107,8.66,94.1,0,1,0,60,FAIL
PCB_0134,2,266,5.45,0.19,275,0.6,84.3,0,0,1,75,FAIL
PCB_0135,6,17,8.31,2.92,92,6.92,87.3,1,1,1,45,PASS
PCB_0136,2,262,4.59,0.74,198,1.4,87.8,1,0,0,50,PASS
PCB_0137,2,312,9.02,2.23,231,4.16,99.5,1,0,1,85,FAIL
PCB_0138,2,65,1.18,2.31,253,5.49,99.1,1,0,0,85,FAIL
PCB_0139,6,535,9.57,2.79,258,4.03,96.0,0,0,0,85,FAIL
PCB_0140,2,483,6.72,0.19,242,5.2,84.8,1,0,1,90,FAIL
PCB_0141,8,37,4.11,2.63,138,9.97,81.4,0,1,1,60,FAIL
PCB_0142,2,87,2.37,1.63,283,1.35,86.3,0,1,1,80,FAIL
PCB_0143,8,225,5.05,1.93,226,6.75,85.3,1,0,0,55,PASS
PCB_0144,8,395,2.35,1.97,114,3.96,90.1,0,1,1,75,FAIL
PCB_0145,8,374,2.08,2.48,241,1.33,95.6,1,1,1,55,PASS
PCB_0146,6,535,6.36,1.07,295,1.59,97.2,1,0,0,65,FAIL
PCB_0147,6,321,5.47,2.23,250,9.49,96.9,1,1,0,65,FAIL
PCB_0148,6,16,6.87,1.63,138,8.8,87.2,1,0,1,55,PASS
PCB_0149,2,12,9.33,2.4,287,9.07,93.7,1,1,0,65,FAIL
PCB_0150,8,372,5.56,2.97,292,9.92,86.3,0,1,0,90,FAIL
PCB_0151,6,517,6.02,0.68,83,2.08,81.2,1,1,0,40,PASS
PCB_0152,6,283,1.35,2.98,30,3.55,94.0,1,1,1,55,PASS
PCB_0153,2,515,7.32,0.36,117,6.69,80.2,0,1,1,90,FAIL
PCB_0154,6,24,4.3,0.11,90,4.84,88.2,1,1,0,15,PASS
PCB_0155,2,201,9.78,0.23,77,4.18,86.6,1,1,0,30,PASS
PCB_0156,4,494,8.32,1.09,270,3.58,93.9,0,0,0,100,FAIL
PCB_0157,6,37,5.46,1.94,295,5.94,95.3,0,0,1,75,FAIL
PCB_0158,4,48,1.67,0.3,69,5.76,86.1,1,0,0,60,FAIL
PCB_0159,2,282,8.66,0.12,235,1.61,96.2,0,0,0,60,FAIL
PCB_0160,8,240,8.1,2.82,71,4.72,85.9,1,1,1,30,PASS
PCB_0161,6,95,2.25,2.48,290,5.53,88.9,0,1,0,70,FAIL
PCB_0162,2,483,3.31,2.45,103,5.7,94.5,1,1,1,85,FAIL
PCB_0163,8,135,8.04,2.66,145,2.1,93.9,1,0,1,40,PASS
PCB_0164,8,546,2.26,2.13,91,7.42,99.7,1,0,1,65,FAIL
PCB_0165,4,154,9.22,0.4,255,0.25,84.5,0,0,0,60,FAIL
PCB_0166,2,534,4.53,1.26,75,3.55,93.2,1,1,0,70,FAIL
PCB_0167,8,221,1.33,2.2,129,7.8,92.2,0,0,1,90,FAIL
PCB_0168,6,34,8.25,0.91,211,5.64,98.3,1,1,0,25,PASS
PCB_0169,6,589,4.05,2.09,112,2.61,83.1,1,0,1,70,FAIL
PCB_0170,4,403,5.5,0.17,75,6.95,95.0,1,1,0,45,PASS
PCB_0171,8,76,1.57,0.99,79,5.67,91.4,1,0,1,55,PASS
PCB_0172,2,242,0.52,1.69,157,7.96,85.5,1,1,1,90,FAIL
PCB_0173,6,118,6.56,1.93,58,7.35,89.5,0,0,0,70,FAIL
PCB_0174,8,155,5.39,1.77,47,6.1,86.7,0,0,0,65,FAIL
PCB_0175,8,120,6.14,2.12,68,4.88,91.6,0,1,0,45,PASS
PCB_0176,4,237,8.04,0.12,144,1.33,97.8,1,1,0,10,PASS
PCB_0177,6,120,6.64,0.39,32,2.61,91.4,1,0,1,30,PASS
PCB_0178,6,479,2.16,2.62,55,4.19,92.6,0,1,1,80,FAIL
PCB_0179,2,43,3.93,2.08,120,5.99,90.4,1,0,0,65,FAIL
PCB_0180,6,378,9.11,0.43,105,5.14,81.0,1,1,0,50,PASS
PCB_0181,2,563,7.81,2.54,23,2.88,84.7,1,0,1,85,FAIL
PCB_0182,6,434,5.79,0.8,242,0.06,89.8,0,1,0,70,FAIL
PCB_0183,4,527,2.93,1.49,185,4.96,86.2,0,0,0,100,FAIL
PCB_0184,6,291,3.37,0.52,297,2.86,83.6,0,0,0,55,PASS
PCB_0185,2,329,7.45,2.16,149,7.35,90.1,0,0,0,110,FAIL
PCB_0186,2,452,8.59,2.03,50,0.24,86.5,0,1,1,95,FAIL
PCB_0187,4,324,6.88,0.71,30,5.85,85.2,1,0,1,70,FAIL
PCB_0188,6,386,8.19,2.6,115,9.41,89.3,1,1,0,65,FAIL
PCB_0189,6,298,7.78,1.26,209,1.74,82.7,1,1,1,45,PASS
PCB_0190,4,446,1.92,0.95,211,4.72,98.6,1,1,0,65,FAIL
PCB_0191,6,286,4.53,0.54,285,0.91,97.4,0,0,0,45,PASS
PCB_0192,6,591,1.95,0.87,147,6.26,94.2,0,1,0,90,FAIL
PCB_0193,2,512,2.73,0.16,257,5.51,82.1,1,1,1,80,FAIL
PCB_0194,6,525,8.76,1.79,131,4.07,95.5,0,1,1,70,FAIL
PCB_0195,6,359,4.99,2.54,164,5.21,96.2,1,0,1,80,FAIL
PCB_0196,4,455,5.59,1.69,84,8.97,95.4,1,1,1,65,FAIL
PCB_0197,4,359,2.2,0.74,266,1.96,82.3,1,1,1,60,FAIL
PCB_0198,8,146,3.47,0.2,242,0.23,92.9,1,1,0,20,PASS
PCB_0199,2,252,2.69,0.72,125,8.62,96.7,0,1,0,50,PASS
PCB_0200,6,552,2.46,1.31,200,5.77,91.5,1,0,1,90,FAIL
PCB_0201,6,49,6.56,2.3,203,8.91,92.9,0,0,1,85,FAIL
PCB_0202,8,238,2.94,0.64,245,5.97,89.2,1,1,1,35,PASS
PCB_0203,6,557,6.5,2.19,284,8.1,90.6,1,1,0,75,FAIL
PCB_0204,2,232,1.06,2.61,297,4.3,80.7,1,1,1,80,FAIL
PCB_0205,8,15,1.85,1.42,108,7.5,92.8,1,1,0,55,PASS
PCB_0206,2,331,3.11,2.48,195,9.13,81.6,0,0,0,120,FAIL
PCB_0207,8,477,6.17,1.71,37,5.72,88.7,1,0,1,75,FAIL
PCB_0208,8,84,6.92,1.95,125,1.81,85.9,0,0,0,55,PASS
PCB_0209,4,13,4.71,1.63,290,2.69,90.9,1,0,0,55,PASS
PCB_0210,2,127,4.74,1.44,186,1.99,82.7,1,1,1,60,FAIL
PCB_0211,6,513,7.38,0.78,32,2.47,93.8,1,1,0,40,PASS
PCB_0212,6,583,0.65,0.98,51,3.06,95.9,0,0,1,85,FAIL
PCB_0213,2,450,3.74,0.94,59,5.55,83.3,1,0,0,75,FAIL
PCB_0214,6,203,8.28,1.73,167,5.88,82.1,1,1,1,55,PASS
PCB_0215,6,401,6.23,0.45,237,4.26,82.9,1,1,1,55,PASS
PCB_0216,2,35,3.7,2.76,238,6.15,97.5,1,1,0,55,PASS
PCB_0217,8,444,9.1,2.19,101,0.82,90.6,1,1,1,55,PASS
PCB_0218,2,182,7.84,1.26,227,0.88,89.3,0,1,0,75,FAIL
PCB_0219,8,309,3.02,0.56,220,1.72,82.1,0,0,0,75,FAIL
PCB_0220,6,335,6.63,2.66,57,5.18,93.0,1,0,1,80,FAIL
PCB_0221,6,419,6.16,2.49,230,2.14,97.4,1,1,0,55,PASS
PCB_0222,6,127,4.31,2.19,268,2.83,96.6,0,1,1,55,PASS
PCB_0223,4,234,3.99,0.89,246,4.0,92.5,1,0,0,40,PASS
PCB_0224,8,541,3.76,1.27,67,8.12,81.5,0,1,0,80,FAIL
PCB_0225,4,122,6.36,0.4,37,0.14,82.2,1,0,1,35,PASS
PCB_0226,4,149,4.7,0.65,215,6.49,81.0,1,0,0,50,PASS
PCB_0227,2,568,8.4,2.37,206,6.69,85.1,0,0,0,120,FAIL
PCB_0228,4,10,6.86,2.17,243,7.99,82.7,1,0,0,65,FAIL
PCB_0229,2,99,1.16,1.82,248,9.33,85.2,0,1,0,105,FAIL
PCB_0230,2,329,6.58,2.7,96,0.2,87.7,0,1,0,90,FAIL
PCB_0231,4,559,3.08,1.79,207,1.54,98.9,0,0,0,90,FAIL
PCB_0232,8,148,6.13,1.45,289,8.86,92.2,1,1,0,45,PASS
PCB_0233,8,520,6.96,1.09,114,4.59,96.7,0,1,0,60,FAIL
PCB_0234,8,268,2.69,2.83,151,5.65,94.2,0,1,1,70,FAIL
PCB_0235,8,19,4.84,0.34,58,6.63,82.3,1,1,0,20,PASS
PCB_0236,8,270,2.31,2.8,91,6.79,94.7,1,0,0,45,PASS
PCB_0237,4,181,1.0,2.5,179,9.32,85.5,1,1,1,80,FAIL
PCB_0238,4,22,4.1,0.48,206,9.97,92.8,1,0,1,55,PASS
PCB_0239,6,177,3.95,1.74,210,7.2,86.8,1,0,1,65,FAIL
PCB_0240,8,330,9.96,2.61,139,2.87,100.0,1,1,0,40,PASS
PCB_0241,4,328,4.74,1.76,239,8.8,85.3,0,0,1,115,FAIL
PCB_0242,6,338,3.67,2.73,72,0.49,85.6,1,1,1,60,FAIL
PCB_0243,8,559,6.01,2.83,241,2.31,98.6,0,1,0,70,FAIL
PCB_0244,2,428,1.34,1.32,150,8.97,80.5,1,0,0,110,FAIL
PCB_0245,6,104,9.64,1.19,256,2.56,93.9,0,1,1,65,FAIL
PCB_0246,4,590,6.53,2.82,265,2.21,94.5,0,0,1,105,FAIL
PCB_0247,2,327,7.67,2.06,245,1.38,96.7,1,0,0,80,FAIL
PCB_0248,2,245,2.12,0.44,227,8.59,99.5,1,1,0,40,PASS
PCB_0249,2,343,4.39,0.22,115,5.0,99.5,0,1,0,65,FAIL
PCB_0250,6,385,4.52,1.74,219,6.75,81.3,1,1,0,75,FAIL
PCB_0251,4,468,8.31,2.8,266,2.39,96.4,1,0,0,70,FAIL
PCB_0252,2,146,0.51,2.55,91,7.58,92.9,0,1,1,100,FAIL
PCB_0253,8,597,3.36,2.06,204,7.6,92.9,0,0,0,100,FAIL
PCB_0254,2,556,9.82,0.5,25,3.13,82.6,0,0,0,85,FAIL
PCB_0255,2,522,5.01,0.84,225,4.11,93.0,1,1,0,65,FAIL
PCB_0256,6,305,4.13,2.64,51,2.1,99.6,1,1,0,45,PASS
PCB_0257,6,329,1.64,0.63,118,9.77,98.2,1,1,0,60,FAIL
PCB_0258,4,581,9.75,0.91,275,6.46,88.8,1,0,1,80,FAIL
PCB_0259,8,358,0.69,0.48,206,9.35,80.8,0,1,0,95,FAIL
PCB_0260,6,238,7.5,2.06,95,3.03,87.2,1,0,1,45,PASS
PCB_0261,2,279,7.8,2.84,196,7.82,96.5,0,1,0,75,FAIL
PCB_0262,4,300,2.81,0.88,274,7.66,94.0,1,1,1,45,PASS
PCB_0263,2,174,6.88,1.48,209,6.92,89.2,1,0,1,80,FAIL
PCB_0264,2,14,1.38,1.94,146,9.66,81.1,0,0,0,105,FAIL
PCB_0265,6,388,2.94,3.0,273,3.94,88.5,1,1,0,65,FAIL
PCB_0266,4,87,7.99,0.4,232,1.31,89.4,1,1,0,30,PASS
PCB_0267,8,419,8.71,1.55,269,6.72,98.6,0,1,0,80,FAIL
PCB_0268,8,583,6.28,1.22,103,7.29,92.8,1,1,0,60,FAIL
PCB_0269,6,141,5.31,2.61,32,5.75,86.2,0,1,1,65,FAIL
PCB_0270,6,51,2.01,1.48,64,2.07,90.5,0,0,0,60,FAIL
PCB_0271,4,98,1.1,0.42,146,5.04,81.3,0,0,0,80,FAIL
PCB_0272,8,411,1.62,1.94,133,3.12,99.5,0,0,1,95,FAIL
PCB_0273,8,305,2.66,2.34,295,4.27,87.2,1,0,0,70,FAIL
PCB_0274,8,304,3.75,0.11,224,6.45,89.6,1,1,1,60,FAIL
PCB_0275,2,535,4.12,2.59,292,7.45,87.1,1,0,0,100,FAIL
PCB_0276,8,431,3.79,0.64,77,2.32,93.7,0,0,1,70,FAIL
PCB_0277,2,32,2.77,1.7,238,4.05,93.2,1,0,0,65,FAIL
PCB_0278,4,584,5.34,1.31,128,2.69,94.3,1,1,1,65,FAIL
PCB_0279,2,152,8.34,2.19,298,1.99,85.4,1,0,1,70,FAIL
PCB_0280,4,154,3.16,1.18,193,7.83,86.3,1,1,0,55,PASS
PCB_0281,8,234,9.45,2.62,283,9.09,82.5,0,0,0,75,FAIL
PCB_0282,8,512,8.8,2.22,130,3.7,93.1,0,1,0,70,FAIL
PCB_0283,4,113,2.04,1.98,206,7.51,80.8,1,0,1,70,FAIL
PCB_0284,6,48,7.97,2.41,288,8.97,92.0,0,1,1,75,FAIL
PCB_0285,4,207,5.96,2.29,248,8.46,97.4,1,0,1,60,FAIL
PCB_0286,6,588,5.88,0.2,175,1.83,97.8,1,1,0,40,PASS
PCB_0287,2,400,4.21,1.24,208,9.56,89.0,1,1,0,90,FAIL
PCB_0288,2,188,5.26,2.8,291,3.77,89.2,0,0,1,90,FAIL
PCB_0289,2,563,4.27,0.46,21,3.39,81.5,1,1,0,55,PASS
PCB_0290,8,457,5.63,2.24,265,0.62,93.4,0,1,1,85,FAIL
PCB_0291,2,509,6.47,2.93,229,4.86,96.4,0,0,0,100,FAIL
PCB_0292,6,24,6.91,0.25,32,1.09,84.9,1,0,0,25,PASS
PCB_0293,2,298,5.56,2.08,115,2.49,88.4,0,1,1,70,FAIL
PCB_0294,4,487,7.35,1.46,240,3.17,96.8,0,0,0,90,FAIL
PCB_0295,4,240,1.84,1.78,257,8.09,97.5,1,0,0,75,FAIL
PCB_0296,8,429,2.51,0.35,113,8.75,84.9,0,0,0,75,FAIL
PCB_0297,4,166,8.28,0.22,288,3.02,91.0,0,1,0,50,PASS
PCB_0298,6,559,3.56,2.03,190,8.59,83.8,1,1,0,75,FAIL
PCB_0299,2,450,0.72,2.49,113,8.57,82.0,1,1,1,105,FAIL
PCB_0300,8,106,1.96,2.37,168,7.65,98.2,0,1,0,75,FAIL
PCB_0301,2,420,2.62,1.68,131,1.47,96.4,1,1,1,65,FAIL
PCB_0302,2,298,9.59,0.39,74,6.9,95.2,1,1,0,30,PASS
PCB_0303,6,263,5.94,2.1,135,9.45,81.0,0,1,0,60,FAIL
PCB_0304,4,205,9.36,0.8,162,6.83,96.9,0,0,1,65,FAIL
PCB_0305,4,531,5.96,2.74,220,3.32,88.8,1,1,1,75,FAIL
PCB_0306,2,526,5.05,2.53,199,5.01,86.8,0,1,0,110,FAIL
PCB_0307,8,127,3.48,2.16,221,6.46,90.9,1,0,0,55,PASS
PCB_0308,4,168,6.26,2.85,72,5.11,81.8,1,0,1,60,FAIL
PCB_0309,8,237,1.82,0.19,199,1.2,95.1,0,0,1,65,FAIL
PCB_0310,4,225,9.03,2.23,156,3.12,91.6,0,1,1,70,FAIL
PCB_0311,8,24,8.38,1.06,201,8.02,83.7,1,0,1,60,FAIL
PCB_0312,6,166,3.52,2.73,20,8.61,83.8,1,1,0,40,PASS
PCB_0313,8,270,9.55,0.87,63,1.37,83.7,1,1,0,10,PASS
PCB_0314,6,166,8.34,2.2,246,9.52,81.1,1,1,0,50,PASS
PCB_0315,6,56,6.83,2.65,117,3.29,91.8,0,0,0,60,FAIL
PCB_0316,8,333,1.66,0.22,227,6.62,96.8,1,0,0,75,FAIL
PCB_0317,6,139,5.04,1.25,284,7.52,80.3,0,1,1,75,FAIL
PCB_0318,2,420,5.31,2.31,290,8.12,81.0,0,1,1,115,FAIL
PCB_0319,6,104,2.71,1.42,159,9.46,91.5,1,1,1,55,PASS
PCB_0320,4,301,1.26,0.88,256,3.13,96.4,0,0,0,95,FAIL
PCB_0321,8,292,7.88,0.74,91,8.59,86.5,0,1,1,45,PASS
PCB_0322,2,78,1.66,0.48,174,1.32,87.0,1,0,0,70,FAIL
PCB_0323,8,20,6.15,2.59,209,7.05,91.9,0,1,0,65,FAIL
PCB_0324,4,263,9.4,1.77,287,7.42,85.5,0,0,0,85,FAIL
PCB_0325,4,559,8.82,0.32,126,6.78,80.5,1,1,1,60,FAIL
PCB_0326,4,143,3.14,1.21,251,2.52,94.7,1,0,0,55,PASS
PCB_0327,6,32,8.59,1.17,61,8.73,92.5,1,0,0,50,PASS
PCB_0328,6,355,0.5,0.63,209,1.69,91.6,1,0,1,85,FAIL
PCB_0329,8,311,0.67,1.36,158,0.54,94.8,1,0,0,90,FAIL
PCB_0330,8,372,6.22,1.06,122,7.17,93.5,1,0,1,75,FAIL
PCB_0331,2,405,3.97,1.09,190,4.75,84.1,1,0,0,90,FAIL
PCB_0332,2,227,4.17,2.24,292,8.49,87.0,0,1,1,90,FAIL
PCB_0333,8,150,5.86,0.75,240,3.83,82.5,0,1,0,40,PASS
PCB_0334,6,219,2.32,1.96,232,1.68,82.6,1,1,0,40,PASS
PCB_0335,4,469,2.51,1.75,75,8.36,93.5,0,1,1,95,FAIL
PCB_0336,8,365,5.1,1.75,121,5.49,97.2,0,0,0,80,FAIL
PCB_0337,2,333,7.67,2.02,211,1.89,99.3,1,1,1,75,FAIL
PCB_0338,6,142,6.39,1.69,219,7.2,92.6,0,0,0,80,FAIL
PCB_0339,8,136,3.32,2.65,252,5.11,83.7,1,0,1,60,FAIL
PCB_0340,8,115,4.59,2.06,246,6.04,82.1,0,0,0,75,FAIL
PCB_0341,6,387,2.12,1.69,158,4.61,96.3,1,1,0,55,PASS
PCB_0342,8,60,1.21,2.51,168,8.29,91.6,0,0,0,95,FAIL
PCB_0343,6,38,7.94,1.86,134,8.3,92.4,0,1,1,65,FAIL
PCB_0344,4,471,3.02,0.94,82,7.09,95.6,0,1,1,70,FAIL
PCB_0345,6,305,2.19,0.7,123,1.05,94.1,1,1,1,45,PASS
PCB_0346,6,306,7.07,0.54,175,8.39,96.7,0,1,1,75,FAIL
PCB_0347,6,416,6.37,2.71,292,6.71,81.1,0,1,1,100,FAIL
PCB_0348,8,414,6.52,2.16,25,6.97,95.0,1,0,0,60,FAIL
PCB_0349,8,355,2.67,2.82,166,3.63,97.0,1,0,0,60,FAIL
PCB_0350,6,429,2.71,1.85,203,8.79,85.7,0,1,0,95,FAIL
PCB_0351,8,191,2.6,1.47,47,7.25,92.8,0,0,0,65,FAIL
PCB_0352,2,10,2.15,0.27,57,1.13,86.3,0,1,0,50,PASS
PCB_0353,2,576,6.73,2.05,138,4.08,99.2,0,0,1,95,FAIL
PCB_0354,8,380,8.56,1.79,263,8.86,80.7,1,0,0,80,FAIL
PCB_0355,8,440,7.38,2.97,87,0.47,91.6,0,0,1,85,FAIL
PCB_0356,6,318,8.02,0.79,233,9.61,83.3,0,0,0,90,FAIL
PCB_0357,4,146,4.35,1.64,237,6.79,94.2,1,0,1,70,FAIL
PCB_0358,8,211,6.71,1.99,196,6.31,83.5,0,0,1,80,FAIL
PCB_0359,2,445,3.87,1.97,183,2.71,84.7,0,0,1,115,FAIL
PCB_0360,6,322,5.49,1.73,77,2.49,89.9,0,0,0,85,FAIL
PCB_0361,8,126,5.08,2.35,288,9.42,98.3,1,0,0,45,PASS
PCB_0362,2,584,2.18,0.69,77,2.98,84.2,1,0,0,65,FAIL
PCB_0363,2,253,4.18,2.2,124,7.76,82.9,0,0,0,85,FAIL
PCB_0364,4,546,9.66,1.9,247,3.93,95.2,0,0,1,95,FAIL
PCB_0365,6,84,2.86,2.7,266,1.39,90.0,1,0,1,55,PASS
PCB_0366,6,395,1.77,2.56,207,0.11,98.2,0,1,1,100,FAIL
PCB_0367,4,219,4.48,1.01,102,5.44,82.9,0,0,1,80,FAIL
PCB_0368,4,484,8.01,0.9,205,9.76,92.9,1,0,0,75,FAIL
PCB_0369,6,427,6.03,2.95,271,3.69,84.7,1,0,1,80,FAIL
PCB_0370,6,356,6.97,1.63,257,3.57,83.1,1,0,0,75,FAIL
PCB_0371,8,538,2.3,2.73,203,3.44,93.7,0,0,1,95,FAIL
PCB_0372,8,188,6.38,0.58,229,5.21,91.9,0,0,1,65,FAIL
PCB_0373,4,191,3.57,1.96,116,4.41,95.1,0,1,1,50,PASS
PCB_0374,8,34,8.43,2.45,227,8.8,86.2,0,1,0,65,FAIL
PCB_0375,2,189,6.48,2.85,156,5.06,89.0,1,1,0,65,FAIL
PCB_0376,8,510,2.39,1.08,203,5.08,88.1,0,0,1,105,FAIL
PCB_0377,8,170,1.11,2.2,95,1.38,99.7,0,0,1,70,FAIL
PCB_0378,2,186,0.91,1.66,161,9.83,85.8,1,0,1,100,FAIL
PCB_0379,4,294,4.03,0.28,256,2.5,85.9,1,1,0,30,PASS
PCB_0380,2,72,3.03,2.1,44,0.73,87.1,0,0,0,75,FAIL
PCB_0381,8,165,6.64,2.1,86,6.63,91.3,1,0,0,45,PASS
PCB_0382,4,478,5.24,2.8,269,5.95,85.0,1,1,1,85,FAIL
PCB_0383,8,58,3.03,1.54,137,4.15,98.3,0,1,0,35,PASS
PCB_0384,2,93,1.92,0.77,92,4.22,85.3,0,0,1,85,FAIL
PCB_0385,2,370,1.71,0.23,29,7.85,97.9,0,0,0,105,FAIL
PCB_0386,8,157,8.71,1.31,230,1.96,82.1,0,0,1,70,FAIL
PCB_0387,6,351,2.81,0.98,171,8.2,93.1,1,0,1,75,FAIL
PCB_0388,6,485,6.69,2.31,24,6.49,98.1,1,1,0,55,PASS
PCB_0389,2,72,8.2,1.13,214,4.19,83.4,0,0,1,90,FAIL
PCB_0390,2,369,6.33,2.85,132,4.58,99.4,0,0,1,95,FAIL
PCB_0391,6,570,8.67,2.89,290,2.57,89.1,1,1,1,70,FAIL
PCB_0392,6,336,4.23,1.9,182,7.52,98.9,0,0,0,95,FAIL
PCB_0393,8,150,9.58,2.79,124,5.13,93.5,0,0,1,70,FAIL
PCB_0394,8,224,1.76,2.31,200,3.21,86.0,0,1,0,75,FAIL
PCB_0395,6,444,1.47,1.69,63,5.96,83.8,0,1,0,105,FAIL
PCB_0396,8,327,6.76,0.62,194,9.96,86.1,1,0,1,70,FAIL
PCB_0397,8,41,9.46,1.43,181,4.35,81.9,0,1,0,55,PASS
PCB_0398,4,294,8.18,1.73,159,9.21,82.9,1,1,1,60,FAIL
PCB_0399,8,314,1.23,2.61,151,3.45,82.1,0,0,0,110,FAIL
PCB_0400,2,438,3.15,1.5,106,0.55,88.5,0,1,1,95,FAIL
PCB_0401,8,486,9.34,2.7,195,2.04,95.9,1,0,0,60,FAIL
PCB_0402,8,295,2.9,2.06,202,4.19,82.8,0,0,1,70,FAIL
PCB_0403,6,153,7.92,0.5,148,2.2,82.6,1,0,1,30,PASS
PCB_0404,2,433,8.34,2.99,265,0.0,92.9,0,0,1,115,FAIL
PCB_0405,8,28,5.21,1.63,108,9.15,83.9,0,1,1,60,FAIL
PCB_0406,8,27,4.17,1.24,85,8.44,82.0,0,0,0,65,FAIL
PCB_0407,4,599,4.78,2.01,177,7.42,83.3,0,0,0,110,FAIL
PCB_0408,8,380,2.66,0.42,168,1.68,98.5,0,0,1,70,FAIL
PCB_0409,8,184,8.95,1.95,135,1.2,96.4,1,0,0,25,PASS
PCB_0410,4,203,4.78,1.54,233,0.68,87.1,1,1,1,50,PASS
PCB_0411,6,511,8.88,1.28,272,7.24,93.1,0,1,1,100,FAIL
PCB_0412,8,122,1.5,2.86,162,9.29,90.7,0,1,0,85,FAIL
PCB_0413,4,123,9.89,1.62,269,4.31,93.5,1,0,0,55,PASS
PCB_0414,2,231,4.71,0.74,44,1.19,93.7,1,1,1,35,PASS
PCB_0415,6,273,0.95,1.43,296,5.12,92.6,0,1,0,90,FAIL
PCB_0416,2,64,0.86,2.77,89,3.49,85.3,0,0,1,100,FAIL
PCB_0417,2,467,7.59,0.61,132,3.75,80.8,1,1,0,55,PASS
PCB_0418,4,171,6.76,0.72,131,6.21,89.1,0,0,0,60,FAIL
PCB_0419,8,389,8.12,0.14,110,7.19,97.8,1,1,0,35,PASS
PCB_0420,4,96,1.5,0.14,37,1.11,91.4,0,1,0,60,FAIL
PCB_0421,4,64,0.84,2.51,168,0.36,96.6,1,1,0,55,PASS
PCB_0422,4,485,5.33,2.22,246,9.94,99.8,1,1,1,75,FAIL
PCB_0423,4,187,4.18,1.13,233,2.33,83.3,0,0,0,75,FAIL
PCB_0424,6,400,4.89,2.13,170,0.54,93.8,1,0,0,75,FAIL
PCB_0425,8,358,9.92,1.25,211,1.9,93.5,0,1,1,85,FAIL
PCB_0426,2,17,9.72,2.86,59,0.39,99.6,0,0,1,70,FAIL
PCB_0427,2,322,9.45,2.9,261,3.92,99.7,0,1,1,95,FAIL
PCB_0428,8,452,7.95,1.24,157,8.02,93.7,0,1,0,90,FAIL
PCB_0429,2,337,3.87,2.58,199,3.41,84.9,1,1,0,80,FAIL
PCB_0430,8,63,4.42,2.34,219,4.44,96.0,0,1,1,50,PASS
PCB_0431,2,248,5.72,1.0,222,6.76,82.1,0,1,1,75,FAIL
PCB_0432,4,238,8.39,0.77,80,5.09,95.6,0,1,1,45,PASS
PCB_0433,2,588,1.15,1.43,211,8.61,98.2,0,0,1,135,FAIL
PCB_0434,8,60,4.53,2.37,24,8.66,87.7,1,0,0,45,PASS
PCB_0435,8,273,1.28,2.88,256,0.1,92.6,0,1,0,75,FAIL
PCB_0436,8,427,5.39,2.31,200,7.78,88.6,1,0,0,80,FAIL
PCB_0437,8,105,9.04,2.58,56,4.61,88.8,1,1,0,25,PASS
PCB_0438,8,97,7.93,1.85,75,9.89,86.2,1,0,0,45,PASS
PCB_0439,6,87,2.66,2.52,256,4.83,95.2,0,0,1,65,FAIL
PCB_0440,6,297,9.77,2.37,216,9.87,98.7,0,0,0,70,FAIL
PCB_0441,2,129,6.84,1.19,92,7.55,98.8,0,1,1,70,FAIL
PCB_0442,8,500,0.6,1.7,78,2.49,83.5,0,0,1,105,FAIL
PCB_0443,2,461,2.93,2.43,259,5.38,97.5,1,1,1,85,FAIL
PCB_0444,8,509,2.98,0.23,21,9.92,94.7,1,1,0,45,PASS
PCB_0445,8,174,1.16,2.44,207,8.58,85.1,0,1,1,90,FAIL
PCB_0446,6,191,9.62,0.62,49,0.97,81.3,0,0,0,45,PASS
PCB_0447,6,478,5.04,1.59,286,7.06,85.4,0,0,1,110,FAIL
PCB_0448,4,16,9.01,2.44,127,3.46,98.2,0,0,0,55,PASS
PCB_0449,6,339,3.56,0.84,109,0.07,92.7,0,1,1,65,FAIL
PCB_0450,4,160,1.69,0.81,224,4.03,94.4,0,1,0,70,FAIL
PCB_0451,4,94,5.01,1.27,239,2.35,85.1,0,0,1,80,FAIL
PCB_0452,4,156,1.58,2.69,113,8.19,94.4,1,1,1,70,FAIL
PCB_0453,4,390,5.12,0.1,122,3.37,80.6,1,0,1,60,FAIL
PCB_0454,4,557,9.24,2.71,242,8.28,87.5,1,0,1,95,FAIL
PCB_0455,2,294,5.45,0.55,205,0.01,92.5,1,0,0,50,PASS
PCB_0456,6,91,6.36,2.97,203,3.08,82.9,0,0,0,70,FAIL
PCB_0457,4,523,1.99,2.87,181,2.41,96.5,0,1,0,100,FAIL
PCB_0458,8,532,0.92,1.53,266,2.34,84.7,0,0,1,115,FAIL
PCB_0459,6,395,1.55,1.59,50,0.68,93.0,0,0,1,110,FAIL
PCB_0460,6,480,6.19,1.5,71,1.87,88.1,0,0,1,90,FAIL
PCB_0461,4,128,1.4,1.94,95,5.56,91.9,1,0,1,80,FAIL
PCB_0462,2,405,4.07,0.36,297,2.91,82.1,0,0,1,100,FAIL
PCB_0463,4,541,5.73,0.19,59,4.17,80.3,1,0,1,60,FAIL
PCB_0464,2,270,4.19,0.27,120,3.77,98.2,0,0,0,50,PASS
PCB_0465,8,265,2.05,1.39,130,8.76,85.4,1,1,0,35,PASS
PCB_0466,6,235,3.1,0.9,268,9.05,96.4,0,1,0,45,PASS
PCB_0467,8,62,9.32,1.9,210,4.93,100.0,1,1,0,25,PASS
PCB_0468,2,509,6.92,2.98,201,3.3,84.2,0,1,0,100,FAIL
PCB_0469,2,515,5.21,1.22,228,1.07,85.3,0,0,0,110,FAIL
PCB_0470,8,373,0.62,1.76,41,9.53,93.3,0,1,0,100,FAIL
PCB_0471,2,289,9.93,1.31,185,0.6,99.3,0,1,0,65,FAIL
PCB_0472,8,167,6.88,2.56,118,2.98,98.3,1,1,1,20,PASS
PCB_0473,6,68,3.51,2.72,227,2.98,90.1,0,0,1,75,FAIL
PCB_0474,8,137,8.85,2.64,27,3.2,95.9,1,1,1,20,PASS
PCB_0475,6,124,2.96,2.93,209,1.64,82.7,0,1,1,65,FAIL
PCB_0476,8,218,5.67,0.18,194,7.83,99.5,1,0,1,35,PASS
PCB_0477,2,535,6.54,2.54,292,1.22,99.3,0,1,1,95,FAIL
PCB_0478,8,530,2.6,2.28,36,6.35,83.3,0,0,1,95,FAIL
PCB_0479,2,561,9.79,0.76,109,1.24,86.0,1,1,0,55,PASS
PCB_0480,8,246,7.61,2.87,160,0.71,82.0,0,0,0,65,FAIL
PCB_0481,8,290,5.8,0.53,164,9.09,85.4,0,1,1,55,PASS
PCB_0482,4,368,2.22,2.07,185,1.9,96.3,1,1,0,60,FAIL
PCB_0483,2,210,1.01,0.75,97,8.21,87.6,0,1,0,80,FAIL
PCB_0484,4,287,3.54,1.35,281,5.45,81.8,1,0,0,65,FAIL
PCB_0485,2,244,7.66,2.19,182,0.78,86.8,0,1,0,75,FAIL
PCB_0486,4,503,3.06,1.73,33,9.55,99.6,1,0,0,70,FAIL
PCB_0487,6,13,5.63,1.34,258,2.47,92.6,1,0,1,55,PASS
PCB_0488,8,451,7.42,1.05,91,8.6,88.3,1,0,0,70,FAIL
PCB_0489,2,38,1.53,2.54,162,1.69,83.3,1,0,1,90,FAIL
PCB_0490,2,118,7.01,0.52,288,8.54,99.7,0,1,1,65,FAIL
PCB_0491,8,84,1.37,1.35,260,0.13,96.4,0,1,1,70,FAIL
PCB_0492,2,155,9.67,2.72,264,5.12,85.6,1,1,0,65,FAIL
PCB_0493,2,137,5.14,2.55,182,7.69,81.4,0,0,1,100,FAIL
PCB_0494,4,51,1.93,1.26,79,9.35,81.1,0,1,1,90,FAIL
PCB_0495,2,365,3.75,2.31,25,9.09,82.4,0,0,1,115,FAIL
PCB_0496,6,50,4.43,2.49,216,8.2,91.6,1,0,1,65,FAIL
PCB_0497,6,43,7.7,2.68,77,8.88,98.6,0,0,0,60,FAIL
PCB_0498,8,26,7.56,1.68,236,1.99,89.9,0,1,1,60,FAIL
PCB_0499,2,162,6.31,0.69,45,2.84,96.9,1,1,1,25,PASS
PCB_0500,8,387,1.51,0.84,24,2.89,88.9,0,0,1,90,FAIL
PCB_0501,6,597,1.94,0.96,39,3.77,94.2,1,1,1,65,FAIL
PCB_0502,2,351,1.39,1.82,217,3.93,94.6,1,1,0,100,FAIL
PCB_0503,2,36,5.98,0.2,78,5.45,83.5,1,0,1,55,PASS
PCB_0504,8,296,8.83,1.94,261,1.6,87.2,0,0,1,70,FAIL
PCB_0505,6,177,4.62,1.16,165,6.91,92.7,0,1,1,75,FAIL
PCB_0506,2,277,2.03,0.96,292,1.68,81.4,1,0,1,55,PASS
PCB_0507,8,464,5.8,2.65,268,3.1,87.2,1,0,1,75,FAIL
PCB_0508,6,410,8.21,1.43,33,5.03,90.7,1,1,1,70,FAIL
PCB_0509,8,485,7.55,0.38,32,7.96,99.9,1,1,0,35,PASS
PCB_0510,4,567,8.87,2.5,63,7.39,89.5,1,0,1,85,FAIL
PCB_0511,2,585,3.14,0.24,38,6.46,96.3,1,1,0,55,PASS
PCB_0512,4,139,2.34,2.21,82,1.56,88.6,0,0,0,65,FAIL
PCB_0513,6,372,8.86,2.34,258,5.47,95.9,1,0,1,80,FAIL
PCB_0514,4,301,6.75,1.12,119,0.87,91.9,1,1,0,60,FAIL
PCB_0515,4,380,3.45,2.49,182,3.77,97.7,1,0,1,75,FAIL
PCB_0516,6,38,7.55,1.6,141,4.14,88.2,0,0,0,60,FAIL
PCB_0517,8,158,8.24,1.44,63,0.4,92.1,0,0,1,60,FAIL
PCB_0518,4,305,6.34,0.23,164,2.74,92.6,0,1,0,75,FAIL
PCB_0519,8,20,7.03,0.94,69,9.56,88.3,0,1,0,40,PASS
PCB_0520,4,521,4.06,2.8,84,9.54,82.9,1,1,1,75,FAIL
PCB_0521,8,122,5.62,1.24,183,3.52,81.9,0,0,0,65,FAIL
PCB_0522,6,196,5.48,1.69,160,0.43,80.3,1,0,0,50,PASS
PCB_0523,4,236,8.56,1.64,147,1.79,97.5,1,1,0,25,PASS
PCB_0524,6,319,8.48,1.81,258,3.92,84.7,1,1,0,65,FAIL
PCB_0525,4,107,8.41,0.28,206,9.48,84.2,1,1,0,40,PASS
PCB_0526,6,64,0.6,1.15,227,1.41,94.7,1,0,1,75,FAIL
PCB_0527,6,415,7.62,2.2,239,7.64,86.4,1,1,0,75,FAIL
PCB_0528,4,78,7.71,0.68,209,1.09,90.1,0,0,0,60,FAIL
PCB_0529,4,321,6.94,0.69,256,9.81,83.3,0,1,1,90,FAIL
PCB_0530,4,298,7.68,0.13,213,3.82,99.2,0,0,1,55,PASS
PCB_0531,2,557,8.5,1.37,278,7.75,97.0,0,0,1,115,FAIL
PCB_0532,8,157,4.97,2.66,265,3.43,97.3,0,1,0,45,PASS
PCB_0533,2,476,5.27,0.25,155,6.28,88.1,1,0,0,85,FAIL
PCB_0534,2,253,1.68,0.65,299,1.92,95.2,0,1,0,70,FAIL
PCB_0535,6,500,4.16,1.0,290,1.46,82.9,0,0,0,80,FAIL
PCB_0536,4,516,6.61,2.22,190,9.38,80.2,0,0,1,115,FAIL
PCB_0537,8,374,7.91,1.96,178,9.18,80.4,1,1,1,75,FAIL
PCB_0538,6,491,2.56,1.31,220,8.87,91.7,1,0,0,85,FAIL
PCB_0539,2,210,1.81,2.3,64,6.25,89.1,1,1,0,75,FAIL
PCB_0540,4,163,6.8,1.87,283,8.08,90.4,0,1,0,75,FAIL
PCB_0541,6,459,0.52,2.7,90,0.69,80.1,0,1,0,95,FAIL
PCB_0542,4,510,2.19,2.47,122,3.35,88.5,0,0,1,95,FAIL
PCB_0543,6,82,0.78,0.83,144,3.14,94.4,0,0,1,70,FAIL
PCB_0544,4,305,2.09,0.89,249,6.36,88.9,0,0,0,95,FAIL
PCB_0545,2,26,2.22,0.46,165,3.56,94.6,1,1,1,45,PASS
PCB_0546,8,226,4.18,1.08,216,1.49,84.7,0,1,0,55,PASS
PCB_0547,2,70,4.32,3.0,240,5.96,96.3,1,0,0,65,FAIL
PCB_0548,8,51,8.81,1.28,79,8.14,91.8,0,0,1,70,FAIL
PCB_0549,4,34,5.35,0.74,117,3.82,84.2,1,1,0,20,PASS
PCB_0550,6,48,7.37,2.31,190,1.32,84.7,1,0,1,55,PASS
PCB_0551,2,140,1.49,1.67,192,1.97,92.6,1,1,0,75,FAIL
PCB_0552,8,507,2.64,0.53,170,2.37,96.6,1,0,1,50,PASS
PCB_0553,2,238,7.18,1.2,141,3.0,88.3,0,1,0,65,FAIL
PCB_0554,8,117,1.0,1.3,127,6.43,85.2,0,0,1,90,FAIL
PCB_0555,2,181,5.12,2.29,23,6.01,97.3,0,0,0,75,FAIL
PCB_0556,8,444,6.19,0.16,112,6.96,93.4,1,1,0,45,PASS
PCB_0557,8,487,6.22,0.88,25,3.63,89.0,0,1,1,60,FAIL
PCB_0558,4,111,0.72,1.6,125,8.24,89.8,0,1,0,85,FAIL
PCB_0559,8,533,3.56,0.88,165,2.04,84.1,0,0,1,80,FAIL
PCB_0560,4,284,6.55,1.92,290,4.69,92.5,0,1,1,70,FAIL
PCB_0561,8,53,1.92,1.5,115,8.01,87.2,1,1,0,55,PASS
PCB_0562,6,26,7.11,1.15,248,1.8,99.9,1,0,0,40,PASS
PCB_0563,6,339,7.59,2.85,221,1.1,89.6,0,1,0,85,FAIL
PCB_0564,6,578,9.83,1.93,231,8.84,89.7,0,1,0,95,FAIL
PCB_0565,8,506,2.49,0.48,25,3.43,91.3,0,1,1,60,FAIL
PCB_0566,4,21,8.34,1.72,131,6.84,98.3,1,0,0,45,PASS
PCB_0567,4,327,5.44,2.36,125,0.25,96.0,1,0,0,60,FAIL
PCB_0568,8,225,4.05,2.15,158,6.9,89.0,1,0,0,55,PASS
PCB_0569,6,348,1.66,0.6,115,3.16,94.4,0,1,1,85,FAIL
PCB_0570,6,90,7.49,2.92,233,0.56,91.7,1,0,0,50,PASS
PCB_0571,4,494,2.74,1.4,41,6.1,89.8,1,1,1,75,FAIL
PCB_0572,6,383,4.03,0.56,212,2.41,83.8,1,1,0,50,PASS
PCB_0573,2,209,1.09,0.62,169,3.87,89.3,1,1,1,65,FAIL
PCB_0574,4,546,8.11,0.38,266,0.81,84.9,1,0,0,65,FAIL
PCB_0575,6,475,7.78,2.43,286,1.47,98.3,0,0,0,85,FAIL
PCB_0576,4,98,7.47,0.45,270,2.98,86.7,0,1,1,55,PASS
PCB_0577,2,277,3.34,0.46,22,0.9,99.0,0,1,0,40,PASS
PCB_0578,4,580,2.15,2.57,95,9.11,90.7,0,0,0,100,FAIL
PCB_0579,4,498,6.56,1.1,106,0.06,92.6,1,0,0,70,FAIL
PCB_0580,4,547,5.21,0.19,289,4.84,90.9,0,0,1,90,FAIL
PCB_0581,4,56,2.19,0.25,244,1.23,82.6,0,1,0,50,PASS
PCB_0582,2,297,7.02,0.51,37,3.08,87.5,0,0,1,65,FAIL
PCB_0583,8,25,9.92,0.72,132,9.26,82.0,1,0,1,35,PASS
PCB_0584,4,410,7.6,2.03,270,1.62,92.5,0,0,1,105,FAIL
PCB_0585,4,95,7.53,0.56,252,9.66,88.9,1,1,0,40,PASS
PCB_0586,6,259,9.53,0.44,298,2.06,95.6,1,0,1,30,PASS
PCB_0587,4,400,2.43,2.32,221,7.42,84.4,1,1,1,85,FAIL
PCB_0588,6,344,5.87,2.05,102,5.47,83.3,0,1,0,85,FAIL
PCB_0589,8,528,9.81,1.36,144,8.84,88.1,1,1,1,65,FAIL
PCB_0590,2,146,2.07,1.69,194,5.54,98.5,0,0,1,90,FAIL
PCB_0591,2,507,7.15,1.0,88,5.35,94.2,0,0,0,95,FAIL
PCB_0592,8,486,6.07,1.5,66,1.95,88.4,0,0,0,80,FAIL
PCB_0593,2,232,6.07,1.57,275,1.66,90.3,1,1,1,60,FAIL
PCB_0594,8,381,7.13,1.22,234,9.16,81.7,1,0,0,80,FAIL
PCB_0595,8,411,9.33,2.73,49,3.28,99.7,0,1,0,60,FAIL
PCB_0596,8,452,7.93,0.15,256,3.72,93.3,1,0,0,55,PASS
PCB_0597,2,499,1.03,2.37,267,7.6,85.7,1,0,1,125,FAIL
PCB_0598,6,282,8.6,0.46,44,3.39,91.7,1,0,1,30,PASS
PCB_0599,8,535,2.64,2.41,93,9.52,82.2,0,0,0,90,FAIL
PCB_0600,4,168,4.08,1.89,225,7.38,99.3,1,1,1,50,PASS
PCB_0601,2,161,4.89,2.55,113,5.97,83.5,1,1,0,55,PASS
PCB_0602,8,197,5.07,0.38,146,8.81,93.0,0,1,0,40,PASS
PCB_0603,8,107,4.63,1.72,44,0.5,84.9,1,1,0,25,PASS
PCB_0604,4,140,9.4,1.55,135,2.57,94.4,0,0,0,65,FAIL
PCB_0605,6,180,7.21,2.15,67,4.65,95.5,1,1,0,20,PASS
PCB_0606,6,192,6.5,1.65,245,2.27,93.5,1,1,1,45,PASS
PCB_0607,6,373,0.97,1.67,285,7.44,92.3,1,1,1,100,FAIL
PCB_0608,8,48,9.09,1.35,118,9.19,97.8,1,0,1,40,PASS
PCB_0609,8,536,9.14,1.0,30,4.24,81.6,1,1,1,40,PASS
PCB_0610,8,506,7.91,1.5,104,3.42,86.6,1,1,0,50,PASS
PCB_0611,2,525,0.57,0.44,233,9.62,85.0,0,0,0,125,FAIL
PCB_0612,4,358,1.04,2.89,192,4.45,99.8,1,0,1,95,FAIL
PCB_0613,8,406,2.64,2.17,228,4.89,87.8,1,1,1,65,FAIL
PCB_0614,4,170,1.75,2.86,83,3.52,94.7,1,1,0,55,PASS
PCB_0615,4,25,4.29,0.76,277,9.1,93.7,0,0,0,70,FAIL
PCB_0616,6,502,9.26,2.65,140,5.69,84.2,0,1,0,85,FAIL
PCB_0617,2,435,4.98,2.45,73,7.62,84.8,0,0,1,115,FAIL
PCB_0618,8,117,0.63,2.06,291,8.12,85.6,1,1,0,65,FAIL
PCB_0619,6,459,3.19,1.91,260,3.42,88.2,1,1,0,65,FAIL
PCB_0620,6,320,0.92,1.02,262,4.34,84.7,0,1,1,110,FAIL
PCB_0621,8,179,0.84,2.47,37,8.48,80.4,0,1,1,80,FAIL
PCB_0622,4,555,3.12,1.55,206,3.63,97.6,0,1,1,85,FAIL
PCB_0623,6,423,3.12,0.31,163,7.94,99.3,1,0,0,60,FAIL
PCB_0624,4,260,7.98,1.01,281,9.41,86.8,0,0,0,85,FAIL
PCB_0625,2,150,9.76,2.81,258,6.23,86.8,1,1,1,70,FAIL
PCB_0626,4,283,4.03,2.57,95,7.42,80.1,1,1,0,45,PASS
PCB_0627,2,425,4.57,2.95,207,8.05,93.6,1,1,0,90,FAIL
PCB_0628,4,48,8.53,1.92,265,8.45,96.5,0,0,0,75,FAIL
PCB_0629,6,38,3.05,0.82,149,3.95,82.9,1,0,1,30,PASS
PCB_0630,6,486,1.99,0.57,98,0.51,83.2,0,0,1,95,FAIL
PCB_0631,2,327,8.6,0.64,91,4.02,95.8,0,0,0,75,FAIL
PCB_0632,8,254,0.94,0.16,282,6.74,92.3,0,0,0,80,FAIL
PCB_0633,2,281,6.39,1.23,210,4.5,80.9,0,0,0,85,FAIL
PCB_0634,2,449,5.84,0.66,82,7.49,92.5,1,0,0,75,FAIL
PCB_0635,4,248,3.79,1.29,31,3.57,86.2,1,0,1,50,PASS
PCB_0636,4,386,3.49,2.81,160,6.35,87.4,1,1,1,85,FAIL
PCB_0637,2,275,7.83,1.35,273,1.86,95.4,1,0,0,55,PASS
PCB_0638,6,368,1.32,2.65,62,7.49,96.2,0,0,0,105,FAIL
PCB_0639,4,349,2.75,1.86,36,5.46,88.0,0,0,1,105,FAIL
PCB_0640,8,398,7.46,0.82,82,2.04,98.9,0,0,0,55,PASS
PCB_0641,4,586,5.71,1.13,272,2.92,88.1,0,1,1,95,FAIL
PCB_0642,4,12,1.72,0.34,27,7.49,95.4,1,0,0,50,PASS
PCB_0643,8,438,8.88,1.07,109,4.83,89.7,0,1,1,75,FAIL
PCB_0644,2,151,4.24,2.06,227,2.16,98.0,1,1,0,45,PASS
PCB_0645,8,385,8.36,0.31,137,9.67,98.2,0,1,0,55,PASS
PCB_0646,2,333,7.98,0.7,194,7.15,81.7,0,0,1,110,FAIL
PCB_0647,2,155,6.43,1.21,95,9.57,98.7,0,0,1,80,FAIL
PCB_0648,2,302,5.2,2.95,120,4.27,96.5,0,0,0,90,FAIL
PCB_0649,8,441,9.81,2.38,170,4.75,95.8,1,1,0,50,PASS
PCB_0650,2,594,1.88,2.23,289,8.98,84.0,1,1,1,115,FAIL
PCB_0651,6,408,7.39,0.44,90,5.25,96.1,1,1,1,45,PASS
PCB_0652,8,353,2.32,2.36,199,7.07,97.0,1,1,0,60,FAIL
PCB_0653,6,149,3.71,2.38,143,2.52,85.8,0,0,0,60,FAIL
PCB_0654,2,196,3.43,1.84,214,4.47,99.0,0,0,1,80,FAIL
PCB_0655,4,70,9.5,2.97,247,1.23,81.0,1,0,1,60,FAIL
PCB_0656,2,389,9.69,1.04,294,2.06,83.0,1,1,1,85,FAIL
PCB_0657,6,449,2.24,2.83,125,0.01,90.8,0,1,1,80,FAIL
PCB_0658,6,328,0.71,2.75,40,0.39,91.5,0,0,1,110,FAIL
PCB_0659,8,311,7.34,0.13,83,9.77,92.9,1,0,0,55,PASS
PCB_0660,4,353,4.47,1.41,184,2.42,80.3,1,1,0,70,FAIL
PCB_0661,8,20,1.34,2.93,46,6.63,99.2,1,0,1,60,FAIL
PCB_0662,6,71,7.0,0.4,167,8.39,80.9,0,0,0,65,FAIL
PCB_0663,2,235,5.68,1.69,183,5.51,82.9,1,1,0,65,FAIL
PCB_0664,4,162,9.81,2.94,243,1.53,80.3,1,1,1,50,PASS
PCB_0665,2,573,2.66,1.71,291,7.28,91.3,1,1,0,90,FAIL
PCB_0666,2,580,4.34,0.65,165,6.0,98.6,1,0,0,75,FAIL
PCB_0667,4,593,5.65,1.79,49,7.31,93.3,1,1,0,70,FAIL
PCB_0668,8,584,8.02,0.69,64,7.7,96.5,0,0,1,70,FAIL
PCB_0669,2,319,5.71,1.61,294,9.75,80.3,1,0,1,105,FAIL
PCB_0670,6,252,6.32,0.31,53,5.74,90.8,0,1,0,45,PASS
PCB_0671,2,502,2.65,1.86,160,3.42,89.2,1,0,0,90,FAIL
PCB_0672,4,375,8.55,1.6,240,6.48,90.0,1,1,0,80,FAIL
PCB_0673,4,339,4.57,2.25,41,0.68,81.4,1,1,0,60,FAIL
PCB_0674,4,116,1.84,1.93,199,8.97,93.7,0,0,0,105,FAIL
PCB_0675,8,235,6.81,1.69,250,1.19,90.1,0,0,0,65,FAIL
PCB_0676,2,227,2.55,2.1,57,3.28,95.3,0,1,1,60,FAIL
PCB_0677,8,515,1.43,0.52,89,8.16,89.7,1,1,0,65,FAIL
PCB_0678,8,268,8.69,1.83,135,5.97,83.0,1,1,0,35,PASS
PCB_0679,4,526,4.87,0.6,258,3.94,93.0,0,1,1,80,FAIL
PCB_0680,4,63,7.62,2.78,167,4.73,83.4,0,1,0,65,FAIL
PCB_0681,8,56,3.26,0.3,28,8.55,97.4,1,1,0,10,PASS
PCB_0682,2,530,7.98,1.35,69,3.4,92.3,0,0,0,100,FAIL
PCB_0683,6,108,1.56,2.12,24,8.7,83.1,1,0,0,70,FAIL
PCB_0684,8,29,3.88,1.43,145,0.88,99.2,0,0,1,50,PASS
PCB_0685,2,582,9.79,0.37,94,7.77,90.4,0,0,0,95,FAIL
PCB_0686,4,499,8.04,1.7,184,8.48,81.5,0,1,1,105,FAIL
PCB_0687,4,428,5.22,1.96,297,1.82,92.5,1,0,0,80,FAIL
PCB_0688,2,71,3.73,2.14,96,4.3,85.1,1,0,0,55,PASS
PCB_0689,6,154,8.79,1.18,156,1.65,96.1,0,1,1,55,PASS
PCB_0690,4,225,5.68,1.73,125,7.07,96.4,1,0,0,45,PASS
PCB_0691,4,12,7.71,1.41,114,5.35,99.6,1,1,1,40,PASS
PCB_0692,4,169,7.66,2.05,154,6.35,90.0,1,1,1,60,FAIL
PCB_0693,2,129,0.67,1.79,87,1.96,89.1,1,1,1,70,FAIL
PCB_0694,8,98,1.7,1.62,166,2.12,95.1,0,1,0,65,FAIL
PCB_0695,4,338,6.77,0.82,178,0.41,82.6,1,1,0,55,PASS
PCB_0696,8,589,2.04,0.11,182,3.22,90.9,1,0,0,55,PASS
PCB_0697,6,366,2.93,0.6,208,5.6,90.9,0,0,0,90,FAIL
PCB_0698,4,276,9.49,0.44,114,8.58,81.8,1,0,1,45,PASS
PCB_0699,4,332,5.82,1.4,200,6.67,88.4,1,1,0,80,FAIL
PCB_0700,6,550,7.63,1.88,206,4.35,97.1,1,0,0,65,FAIL
PCB_0701,4,204,5.8,0.72,157,9.53,97.1,0,0,1,65,FAIL
PCB_0702,8,341,5.75,2.82,149,7.19,82.0,0,0,1,95,FAIL
PCB_0703,2,179,1.39,0.12,213,9.3,81.8,1,0,0,80,FAIL
PCB_0704,8,530,3.76,2.34,292,5.28,85.3,1,1,1,75,FAIL
PCB_0705,2,472,3.18,1.91,163,2.59,97.5,0,0,1,105,FAIL
PCB_0706,2,49,4.21,1.18,35,0.53,82.6,0,1,1,70,FAIL
PCB_0707,8,546,8.08,0.25,264,7.26,94.4,0,1,1,80,FAIL
PCB_0708,8,270,4.03,1.92,126,1.21,82.0,1,0,1,40,PASS
PCB_0709,8,404,4.79,1.22,107,3.03,92.5,1,1,0,50,PASS
PCB_0710,8,235,4.28,2.82,148,5.32,87.1,0,1,0,55,PASS
PCB_0711,6,133,1.39,1.67,23,5.64,95.8,1,1,0,50,PASS
PCB_0712,4,47,4.69,2.82,114,6.01,84.7,1,1,0,45,PASS
PCB_0713,2,337,2.36,0.74,228,1.66,92.8,1,1,0,65,FAIL
PCB_0714,8,260,2.27,2.2,244,3.8,84.7,1,1,0,35,PASS
PCB_0715,8,185,1.39,1.89,66,6.17,94.3,1,1,0,55,PASS
PCB_0716,8,463,3.89,2.24,200,9.7,97.5,1,0,1,75,FAIL
PCB_0717,6,46,7.7,0.72,125,7.28,82.5,1,0,0,35,PASS
PCB_0718,8,325,3.13,2.03,218,9.23,97.3,0,1,0,80,FAIL
PCB_0719,8,123,3.47,1.54,125,7.62,91.9,0,1,0,55,PASS
PCB_0720,8,49,6.61,2.25,299,5.92,82.5,0,0,1,80,FAIL
PCB_0721,4,310,2.36,1.05,279,1.92,88.6,0,0,0,100,FAIL
PCB_0722,6,233,9.02,2.68,127,6.67,83.2,0,0,0,70,FAIL
PCB_0723,8,327,5.44,0.34,38,6.23,94.0,0,0,1,80,FAIL
PCB_0724,2,358,4.75,2.44,190,6.02,95.2,0,1,0,100,FAIL
PCB_0725,2,124,5.8,2.6,214,4.9,82.1,0,1,0,75,FAIL
PCB_0726,2,332,2.08,2.47,31,5.29,90.1,0,0,1,115,FAIL
PCB_0727,6,577,6.33,1.59,214,3.34,96.3,1,0,0,65,FAIL
PCB_0728,6,49,3.95,1.37,201,5.19,98.7,1,0,1,55,PASS
PCB_0729,2,49,9.02,2.99,163,1.98,90.3,0,0,0,85,FAIL
PCB_0730,8,298,2.1,0.76,201,8.05,99.0,1,1,0,20,PASS
PCB_0731,6,271,5.32,1.69,49,1.86,90.7,1,0,0,40,PASS
PCB_0732,2,225,6.18,2.04,103,0.85,87.9,0,0,1,80,FAIL
PCB_0733,2,156,0.82,2.13,185,4.36,97.0,0,0,1,100,FAIL
PCB_0734,8,345,3.96,0.69,115,6.58,89.9,0,1,1,70,FAIL
PCB_0735,4,177,7.46,2.0,285,4.38,89.4,1,1,0,45,PASS
PCB_0736,6,101,8.29,2.47,244,2.77,89.8,1,1,0,40,PASS
PCB_0737,8,362,3.48,0.25,61,5.58,96.9,0,0,1,70,FAIL
PCB_0738,2,580,8.09,2.74,265,3.47,96.6,1,0,1,85,FAIL
PCB_0739,2,580,9.69,0.19,227,9.33,88.1,1,0,0,85,FAIL
PCB_0740,8,372,8.64,1.13,256,9.23,86.7,1,1,0,70,FAIL
PCB_0741,6,566,1.62,0.15,41,5.02,89.8,0,1,0,90,FAIL
PCB_0742,4,354,7.53,0.32,204,3.28,91.5,1,0,0,65,FAIL
PCB_0743,4,179,3.54,2.74,261,7.37,84.8,1,0,1,70,FAIL
PCB_0744,2,365,9.89,1.13,60,0.37,95.9,1,1,0,60,FAIL
PCB_0745,6,200,5.11,1.33,181,4.75,89.7,1,0,0,50,PASS
PCB_0746,4,431,1.66,0.72,179,3.36,86.7,1,0,0,85,FAIL
PCB_0747,6,16,7.39,1.83,108,9.21,82.1,1,0,0,50,PASS
PCB_0748,6,142,3.57,1.82,31,0.12,84.8,1,1,0,30,PASS
PCB_0749,2,566,9.97,1.18,92,5.53,99.0,0,0,0,100,FAIL
PCB_0750,4,40,9.81,1.07,95,7.41,86.1,0,0,0,75,FAIL
PCB_0751,8,544,6.73,2.67,220,4.85,83.4,1,0,1,75,FAIL
PCB_0752,2,435,1.73,1.21,29,0.85,89.2,0,0,1,125,FAIL
PCB_0753,4,403,7.03,1.53,245,9.72,86.1,1,1,1,85,FAIL
PCB_0754,4,372,1.38,0.92,195,5.18,80.7,1,1,0,85,FAIL
PCB_0755,4,446,0.78,2.38,295,6.14,86.5,1,1,1,105,FAIL
PCB_0756,4,560,8.32,1.25,58,2.37,90.9,0,0,0,90,FAIL
PCB_0757,4,91,2.49,1.59,79,4.83,91.0,1,1,0,35,PASS
PCB_0758,6,365,4.1,0.83,85,4.29,87.1,1,0,0,50,PASS
PCB_0759,2,267,9.75,2.96,143,0.75,88.9,0,1,0,65,FAIL
PCB_0760,6,598,3.7,0.95,183,1.06,99.3,0,0,1,75,FAIL
PCB_0761,8,533,3.32,2.34,178,8.37,87.5,1,1,0,70,FAIL
PCB_0762,4,304,9.22,1.34,76,2.4,85.2,0,1,0,80,FAIL
PCB_0763,2,233,1.55,0.7,97,1.95,84.9,0,1,1,75,FAIL
PCB_0764,4,534,7.72,2.42,213,5.05,89.2,1,0,1,95,FAIL
PCB_0765,2,55,9.89,1.07,34,7.69,95.2,1,0,1,60,FAIL
PCB_0766,6,122,9.06,2.61,31,0.62,84.1,1,0,0,40,PASS
PCB_0767,2,242,6.69,2.75,120,5.77,94.2,0,1,1,80,FAIL
PCB_0768,8,26,3.48,2.59,175,1.19,80.4,0,0,0,65,FAIL
PCB_0769,8,369,2.92,0.2,144,0.36,88.4,0,0,0,65,FAIL
PCB_0770,2,232,8.28,2.38,299,0.53,95.5,1,0,1,60,FAIL
PCB_0771,2,457,8.86,1.29,129,8.34,86.8,0,0,1,115,FAIL
PCB_0772,2,374,5.49,2.63,165,1.18,91.3,0,0,1,115,FAIL
PCB_0773,2,335,2.82,1.95,235,0.45,84.1,1,0,0,90,FAIL
PCB_0774,8,476,1.57,2.52,181,4.38,94.8,1,1,0,80,FAIL
PCB_0775,4,423,1.33,1.55,147,8.44,81.0,1,1,0,90,FAIL
PCB_0776,2,464,7.33,1.65,169,2.62,97.1,0,0,0,100,FAIL
PCB_0777,2,595,4.49,0.52,55,4.22,84.0,1,1,0,55,PASS
PCB_0778,8,242,9.1,2.37,192,0.4,97.5,0,1,0,45,PASS
PCB_0779,8,233,7.53,1.32,41,4.49,87.1,0,0,1,60,FAIL
PCB_0780,6,421,2.32,1.55,225,5.78,94.5,1,0,0,85,FAIL
PCB_0781,2,581,6.33,2.38,146,5.71,86.4,1,1,1,85,FAIL
PCB_0782,6,344,4.64,1.84,236,3.32,98.1,1,0,1,70,FAIL
PCB_0783,8,231,5.98,0.68,115,3.16,82.5,1,1,1,15,PASS
PCB_0784,8,46,7.51,1.81,183,1.07,83.6,1,1,1,40,PASS
PCB_0785,4,287,8.16,1.28,167,3.67,89.9,0,1,1,70,FAIL
PCB_0786,2,205,8.52,1.46,37,0.99,81.6,0,0,0,75,FAIL
PCB_0787,6,493,2.91,0.18,214,7.67,83.9,0,1,0,80,FAIL
PCB_0788,8,251,0.8,0.71,170,9.66,98.9,1,0,0,50,PASS
PCB_0789,8,333,7.52,0.92,142,9.7,99.5,0,0,0,65,FAIL
PCB_0790,6,201,1.51,2.17,206,8.65,87.5,1,0,1,85,FAIL
PCB_0791,4,26,3.49,0.13,168,6.01,98.5,1,0,1,45,PASS
PCB_0792,8,533,0.54,1.29,123,7.01,90.9,0,0,1,115,FAIL
PCB_0793,2,410,6.98,2.78,262,2.85,85.4,0,1,0,100,FAIL
PCB_0794,8,31,2.09,0.42,250,6.31,94.0,1,0,0,40,PASS
PCB_0795,2,483,6.73,1.6,225,4.56,93.2,0,0,0,110,FAIL
PCB_0796,6,129,9.92,2.38,217,4.82,99.8,1,0,0,40,PASS
PCB_0797,2,219,1.19,2.83,106,7.58,85.3,0,0,1,110,FAIL
PCB_0798,6,315,1.23,2.27,161,2.82,93.4,0,0,1,120,FAIL
PCB_0799,2,279,3.73,2.19,218,3.18,81.0,0,1,0,75,FAIL
PCB_0800,6,294,8.73,2.5,65,9.25,82.3,0,0,0,70,FAIL
PCB_0801,2,236,2.55,1.39,34,0.56,80.1,0,0,1,80,FAIL
PCB_0802,4,390,3.92,2.44,63,4.86,100.0,1,1,1,55,PASS
PCB_0803,2,469,1.15,0.12,188,9.13,96.0,0,0,1,120,FAIL
PCB_0804,2,16,7.75,2.78,63,6.1,95.7,0,1,1,70,FAIL
PCB_0805,4,38,4.38,1.39,117,5.46,90.2,0,1,0,65,FAIL
PCB_0806,8,42,7.71,1.7,280,2.5,86.0,1,1,1,40,PASS
PCB_0807,8,88,9.08,0.84,128,3.43,83.0,1,1,1,15,PASS
PCB_0808,2,468,2.71,2.25,123,8.52,85.7,1,0,1,95,FAIL
PCB_0809,4,579,8.17,0.32,275,5.59,87.5,1,0,1,80,FAIL
PCB_0810,2,547,1.06,2.63,225,5.15,95.1,1,1,0,100,FAIL
PCB_0811,6,491,9.04,2.5,62,1.0,90.8,0,1,0,75,FAIL
PCB_0812,6,439,6.68,0.73,264,0.16,81.5,0,0,0,80,FAIL
PCB_0813,2,294,8.81,2.45,292,9.64,80.4,0,1,0,85,FAIL
PCB_0814,8,525,0.5,2.38,102,3.77,82.0,1,1,0,70,FAIL
PCB_0815,8,108,2.11,1.93,129,6.03,88.2,1,1,0,35,PASS
PCB_0816,2,406,4.2,1.18,209,0.8,98.7,0,0,1,105,FAIL
PCB_0817,2,498,4.11,0.89,270,6.83,92.7,1,1,1,80,FAIL
PCB_0818,6,48,2.65,0.77,231,9.33,96.0,1,0,1,40,PASS
PCB_0819,8,280,4.13,1.02,152,5.76,89.3,1,0,1,60,FAIL
PCB_0820,2,166,1.72,2.72,220,1.26,87.2,0,0,0,105,FAIL
PCB_0821,6,84,4.42,0.33,114,5.82,82.2,0,1,1,50,PASS
PCB_0822,8,139,8.12,2.5,297,7.66,97.5,1,1,0,35,PASS
PCB_0823,4,93,5.05,1.11,238,4.06,95.7,1,0,1,50,PASS
PCB_0824,6,31,0.67,1.61,108,8.8,83.4,1,0,1,75,FAIL
PCB_0825,8,468,4.5,2.4,91,6.49,90.2,1,0,1,75,FAIL
PCB_0826,8,548,0.76,2.66,266,8.99,89.7,0,1,0,110,FAIL
PCB_0827,6,391,9.68,1.1,148,6.24,92.5,1,1,1,70,FAIL
PCB_0828,4,449,1.71,1.44,231,1.31,98.9,0,0,0,110,FAIL
PCB_0829,6,30,7.22,1.3,115,3.1,91.6,0,0,0,60,FAIL
PCB_0830,8,312,9.74,0.14,94,2.02,90.8,0,1,1,60,FAIL
PCB_0831,2,93,8.35,0.96,73,9.09,81.0,1,0,0,50,PASS
PCB_0832,2,462,7.14,1.43,73,7.6,81.3,0,1,0,100,FAIL
PCB_0833,6,396,8.47,1.29,237,6.76,83.7,0,1,1,100,FAIL
PCB_0834,8,516,9.83,2.19,35,3.01,80.6,1,0,1,65,FAIL
PCB_0835,2,266,6.4,1.22,118,1.84,94.9,1,0,1,60,FAIL
PCB_0836,8,579,5.81,1.52,39,7.56,94.5,1,1,1,65,FAIL
PCB_0837,6,536,6.47,1.35,65,4.74,82.7,0,1,1,80,FAIL
PCB_0838,2,171,5.56,2.25,212,2.26,96.7,1,1,1,50,PASS
PCB_0839,8,172,6.53,2.6,77,6.17,83.1,0,1,0,55,PASS
PCB_0840,2,533,4.77,1.64,130,0.4,86.0,0,1,1,95,FAIL
PCB_0841,6,280,2.58,2.39,148,3.26,85.0,1,0,1,45,PASS
PCB_0842,8,501,1.64,0.96,213,4.69,87.4,0,1,0,85,FAIL
PCB_0843,2,217,1.15,1.67,27,1.48,85.1,0,1,1,90,FAIL
PCB_0844,6,548,3.0,1.1,48,9.85,89.8,0,1,0,85,FAIL
PCB_0845,2,593,0.94,1.3,131,2.09,88.1,0,0,1,125,FAIL
PCB_0846,2,69,5.89,2.22,180,1.3,99.7,1,0,1,60,FAIL
PCB_0847,4,439,3.2,2.66,150,2.04,81.1,0,1,0,80,FAIL
PCB_0848,4,318,8.33,0.45,207,7.69,82.8,1,1,1,70,FAIL
PCB_0849,6,529,1.21,1.94,182,4.26,81.1,0,0,0,115,FAIL
PCB_0850,4,36,2.65,1.79,216,5.65,92.5,0,0,1,90,FAIL
PCB_0851,6,571,7.44,0.44,223,0.21,81.1,1,0,1,65,FAIL
PCB_0852,4,208,6.19,0.71,231,0.34,96.7,0,0,0,50,PASS
PCB_0853,2,396,1.11,1.0,128,4.46,90.2,0,1,1,100,FAIL
PCB_0854,6,358,8.83,0.58,295,8.17,90.5,0,0,1,95,FAIL
PCB_0855,6,545,8.83,0.81,92,8.85,91.2,0,1,0,70,FAIL
PCB_0856,2,387,3.64,0.88,186,0.87,83.4,0,1,1,90,FAIL
PCB_0857,6,567,3.73,1.07,279,5.38,84.0,0,0,0,105,FAIL
PCB_0858,6,536,9.9,2.27,262,9.13,86.4,1,0,1,90,FAIL
PCB_0859,4,162,6.45,1.76,294,3.88,91.9,1,0,0,55,PASS
PCB_0860,6,215,5.55,2.96,121,8.3,84.2,1,0,1,55,PASS
PCB_0861,8,464,8.46,1.3,192,1.34,82.3,0,1,0,80,FAIL
PCB_0862,2,282,3.21,2.29,190,9.35,99.4,0,1,0,75,FAIL
PCB_0863,4,245,4.58,2.63,160,7.51,80.4,0,1,1,80,FAIL
PCB_0864,4,530,3.04,2.07,207,9.41,96.1,1,0,1,85,FAIL
PCB_0865,8,510,8.0,1.29,105,6.77,95.8,0,1,0,70,FAIL
PCB_0866,2,126,5.95,2.29,71,3.63,85.9,1,0,1,60,FAIL
PCB_0867,2,395,6.76,0.69,130,9.38,82.7,0,1,0,85,FAIL
PCB_0868,4,353,2.9,1.05,62,2.76,82.9,0,0,1,95,FAIL
PCB_0869,6,593,2.59,1.69,230,3.32,93.9,0,1,1,90,FAIL
PCB_0870,4,404,5.14,1.77,219,7.01,92.9,1,1,0,80,FAIL
PCB_0871,2,73,7.51,0.16,259,7.65,95.7,0,0,0,70,FAIL
PCB_0872,8,81,5.49,2.84,134,9.29,98.7,1,1,1,30,PASS
PCB_0873,4,283,0.81,2.12,45,2.05,93.8,0,1,1,80,FAIL
PCB_0874,2,329,8.75,1.54,96,7.98,83.1,0,0,1,115,FAIL
PCB_0875,4,347,1.11,2.81,156,7.39,84.9,1,0,1,115,FAIL
PCB_0876,6,375,9.58,1.37,39,0.64,96.8,0,0,1,80,FAIL
PCB_0877,4,504,0.74,2.94,230,3.87,84.2,0,0,0,120,FAIL
PCB_0878,4,175,7.1,1.59,259,2.83,81.5,0,0,1,80,FAIL
PCB_0879,2,553,1.28,0.43,58,3.04,94.1,0,1,1,100,FAIL
PCB_0880,2,20,9.15,2.32,287,9.83,88.1,1,0,0,75,FAIL
PCB_0881,2,310,4.91,2.07,226,6.43,98.4,1,1,0,80,FAIL
PCB_0882,4,111,1.81,2.34,286,7.18,93.0,0,1,0,95,FAIL
PCB_0883,6,434,3.74,2.86,173,9.77,81.8,0,0,1,110,FAIL
PCB_0884,8,401,2.07,2.35,61,3.77,99.0,1,1,0,40,PASS
PCB_0885,8,223,2.12,1.87,30,8.02,85.2,0,1,0,55,PASS
PCB_0886,2,97,9.51,2.59,117,4.35,86.7,1,0,0,55,PASS
PCB_0887,2,562,4.73,2.05,294,8.7,88.0,0,1,0,110,FAIL
PCB_0888,4,410,7.99,1.28,249,1.81,81.0,1,0,1,85,FAIL
PCB_0889,8,597,6.58,2.67,239,9.48,89.9,1,0,1,85,FAIL
PCB_0890,2,55,6.93,0.74,84,2.19,82.5,1,0,1,45,PASS
PCB_0891,6,472,1.75,2.17,251,3.26,88.0,1,1,0,85,FAIL
PCB_0892,6,319,2.72,2.66,71,7.56,87.0,0,1,0,85,FAIL
PCB_0893,2,95,7.97,2.22,282,3.94,95.5,0,1,0,65,FAIL
PCB_0894,2,101,9.72,2.12,286,6.08,96.1,1,1,0,55,PASS
PCB_0895,8,251,3.0,2.28,173,4.45,83.1,1,0,0,45,PASS
PCB_0896,8,11,3.08,1.45,159,7.42,87.3,1,1,0,45,PASS
PCB_0897,4,234,4.99,2.64,70,2.28,87.5,1,0,1,50,PASS
PCB_0898,8,598,9.85,0.69,136,0.58,83.0,0,1,1,60,FAIL
PCB_0899,6,125,3.06,0.47,65,3.0,96.0,1,1,0,5,PASS
PCB_0900,6,112,4.37,0.93,107,4.74,94.1,1,1,1,20,PASS
PCB_0901,2,203,8.97,1.64,227,1.68,83.8,1,1,0,55,PASS
PCB_0902,8,175,0.53,1.58,288,3.55,87.3,1,1,0,55,PASS
PCB_0903,4,99,0.88,2.48,108,4.0,82.1,1,0,1,70,FAIL
PCB_0904,6,131,6.24,1.27,137,0.57,92.6,1,1,0,30,PASS
PCB_0905,6,152,9.12,1.5,73,5.83,82.4,1,1,1,45,PASS
PCB_0906,4,115,2.77,0.14,135,8.84,99.7,0,1,0,40,PASS
PCB_0907,4,437,4.96,1.29,137,1.52,95.6,1,1,0,50,PASS
PCB_0908,6,314,4.78,1.98,279,5.98,87.8,1,0,1,90,FAIL
PCB_0909,6,326,4.99,0.14,94,6.65,91.6,1,1,0,50,PASS
PCB_0910,4,18,6.41,0.91,26,4.19,98.2,0,0,0,40,PASS
PCB_0911,6,82,4.96,0.7,141,7.01,91.1,0,1,0,45,PASS
PCB_0912,2,368,4.75,0.22,30,4.11,83.5,0,0,1,90,FAIL
PCB_0913,2,232,5.01,1.49,234,5.05,87.6,1,0,0,75,FAIL
PCB_0914,4,425,6.11,0.63,298,0.07,96.9,1,0,0,55,PASS
PCB_0915,8,562,5.6,2.25,47,6.92,92.9,1,0,0,70,FAIL
PCB_0916,4,379,8.61,2.56,254,6.61,93.0,0,0,1,115,FAIL
PCB_0917,4,273,0.97,1.68,45,0.38,97.3,1,1,1,50,PASS
PCB_0918,8,327,8.42,2.95,73,3.68,97.9,0,0,1,75,FAIL
PCB_0919,8,93,8.52,1.41,48,9.79,98.4,0,1,1,50,PASS
PCB_0920,8,327,3.21,1.59,183,4.21,81.9,0,0,1,95,FAIL
PCB_0921,2,120,4.9,2.97,289,5.02,90.9,0,0,0,95,FAIL
PCB_0922,6,260,4.67,0.77,54,9.1,94.8,0,1,1,50,PASS
PCB_0923,2,392,2.58,2.83,292,7.17,95.1,1,0,1,95,FAIL
PCB_0924,6,16,4.27,0.22,227,5.82,92.1,1,0,0,45,PASS
PCB_0925,2,468,0.92,1.39,257,7.98,83.3,0,0,1,145,FAIL
PCB_0926,6,93,3.14,0.3,112,8.64,95.9,1,0,0,25,PASS
PCB_0927,2,217,8.26,2.21,192,4.57,94.4,1,1,1,60,FAIL
PCB_0928,8,399,3.2,1.86,98,4.75,81.7,0,0,0,80,FAIL
PCB_0929,4,323,8.27,2.15,129,3.86,89.3,0,0,0,90,FAIL
PCB_0930,2,31,5.55,1.19,236,9.67,83.5,1,1,1,70,FAIL
PCB_0931,6,419,8.86,1.17,125,6.97,86.7,1,1,1,70,FAIL
PCB_0932,8,524,5.96,0.23,66,0.83,80.4,1,0,0,45,PASS
PCB_0933,2,136,0.78,1.11,200,8.63,88.0,1,0,0,95,FAIL
PCB_0934,2,23,6.92,2.79,83,4.81,91.0,0,1,0,65,FAIL
PCB_0935,8,21,0.93,1.2,265,0.69,92.4,1,0,0,65,FAIL
PCB_0936,2,96,4.78,2.51,263,5.5,93.3,0,1,0,85,FAIL
PCB_0937,4,533,9.33,2.54,106,4.17,96.7,0,0,0,80,FAIL
PCB_0938,2,546,2.07,1.18,236,8.78,84.3,1,1,0,90,FAIL
PCB_0939,4,310,4.2,1.93,26,2.04,82.4,1,1,1,65,FAIL
PCB_0940,4,252,7.43,0.38,297,8.26,97.0,1,1,0,30,PASS
PCB_0941,8,131,8.88,0.4,229,5.58,83.1,0,0,1,65,FAIL
PCB_0942,2,156,6.87,0.24,188,0.55,99.5,0,0,1,65,FAIL
PCB_0943,8,576,2.95,1.78,157,9.72,96.9,0,0,0,90,FAIL
PCB_0944,2,365,6.91,1.34,249,5.13,90.0,0,0,0,120,FAIL
PCB_0945,2,318,3.32,1.69,180,2.91,99.6,1,1,1,75,FAIL
PCB_0946,6,297,7.33,1.61,20,4.69,81.9,0,1,0,50,PASS
PCB_0947,2,316,9.56,1.12,255,8.58,86.1,0,1,0,110,FAIL
PCB_0948,8,558,7.35,2.06,207,3.05,92.8,1,0,1,75,FAIL
PCB_0949,4,361,8.7,2.3,23,1.93,87.0,0,0,1,95,FAIL
PCB_0950,2,321,0.52,0.14,151,1.29,98.6,0,0,1,110,FAIL
PCB_0951,6,68,7.32,0.7,237,2.98,81.3,1,1,0,25,PASS
PCB_0952,8,44,8.38,2.17,279,7.8,91.0,0,0,0,75,FAIL
PCB_0953,2,454,0.89,1.22,20,4.72,91.8,0,0,1,125,FAIL
PCB_0954,8,102,8.78,2.02,90,2.27,93.1,0,1,0,45,PASS
PCB_0955,6,216,2.94,1.11,197,1.66,85.1,0,1,1,65,FAIL
PCB_0956,6,362,6.82,1.23,208,3.33,87.3,1,0,0,75,FAIL
PCB_0957,8,341,8.1,0.56,27,9.4,96.9,0,1,1,60,FAIL
PCB_0958,2,168,6.8,0.85,272,3.43,83.9,1,0,0,50,PASS
PCB_0959,4,33,1.38,1.86,263,9.88,96.5,0,1,1,90,FAIL
PCB_0960,6,413,6.17,1.36,142,4.85,91.3,1,1,0,55,PASS
PCB_0961,2,525,5.72,2.35,51,1.79,95.2,1,1,0,60,FAIL
PCB_0962,2,373,9.05,2.57,165,8.91,94.3,1,0,1,105,FAIL
PCB_0963,4,391,4.34,1.67,175,4.6,84.2,0,0,0,100,FAIL
PCB_0964,6,541,3.55,2.3,35,7.1,91.4,0,0,0,95,FAIL
PCB_0965,6,161,7.62,0.99,66,9.84,97.4,0,1,1,40,PASS
PCB_0966,2,571,4.42,1.3,270,0.5,88.6,1,1,0,80,FAIL
PCB_0967,2,429,6.64,2.17,206,0.97,99.3,0,1,0,90,FAIL
PCB_0968,4,259,6.64,1.22,50,7.2,89.0,0,1,0,65,FAIL
PCB_0969,4,126,8.94,1.81,279,2.82,82.9,0,0,1,80,FAIL
PCB_0970,6,521,6.19,0.64,36,1.84,87.8,0,0,1,75,FAIL
PCB_0971,8,587,5.27,1.84,58,0.39,99.0,1,0,1,55,PASS
PCB_0972,6,344,1.82,2.6,58,0.22,86.4,1,1,1,80,FAIL
PCB_0973,2,427,1.6,2.62,151,7.74,97.4,0,1,1,125,FAIL
PCB_0974,6,304,1.97,2.2,49,1.34,97.6,0,0,0,95,FAIL
PCB_0975,8,380,2.13,2.26,177,4.68,87.0,0,1,0,80,FAIL
PCB_0976,4,195,6.56,1.72,297,6.06,81.7,1,0,1,70,FAIL
PCB_0977,8,255,7.54,1.8,222,4.28,94.5,0,1,0,55,PASS
PCB_0978,8,277,5.53,0.49,85,0.27,86.2,1,1,0,10,PASS
PCB_0979,8,246,8.38,1.39,127,7.84,95.7,1,0,0,35,PASS
PCB_0980,4,539,9.92,1.41,287,0.11,88.9,0,0,0,100,FAIL
PCB_0981,8,561,8.29,2.88,241,7.62,89.7,0,1,1,95,FAIL
PCB_0982,8,30,7.1,1.35,37,8.93,95.6,0,0,1,60,FAIL
PCB_0983,8,529,5.56,1.69,109,4.33,87.6,1,0,0,60,FAIL
PCB_0984,2,109,4.76,1.65,200,5.36,88.9,1,1,0,65,FAIL
PCB_0985,8,487,1.3,1.95,274,4.77,87.5,0,1,1,105,FAIL
PCB_0986,4,307,4.29,2.27,272,3.89,87.3,1,1,0,70,FAIL
PCB_0987,8,535,9.15,0.75,276,8.87,90.5,0,0,0,85,FAIL
PCB_0988,8,343,8.18,1.63,106,8.94,96.2,0,1,0,70,FAIL
PCB_0989,4,11,2.55,2.5,109,3.36,87.2,1,1,1,40,PASS
PCB_0990,8,384,4.93,1.44,256,6.15,90.5,1,1,1,75,FAIL
PCB_0991,4,302,8.26,0.91,89,9.27,93.4,1,1,0,55,PASS
PCB_0992,8,562,1.14,2.0,63,9.62,85.4,1,1,0,80,FAIL
PCB_0993,4,327,4.18,2.49,219,5.09,85.6,0,0,0,110,FAIL
PCB_0994,8,511,8.59,0.28,171,4.53,98.7,0,1,0,55,PASS
PCB_0995,8,390,4.34,2.35,105,2.79,94.5,0,1,0,70,FAIL
PCB_0996,2,23,1.24,2.48,38,9.59,91.5,1,0,0,85,FAIL
PCB_0997,2,513,5.65,1.44,120,1.43,93.0,0,1,1,95,FAIL
PCB_0998,8,240,8.69,2.95,114,5.8,80.6,1,1,1,40,PASS
PCB_0999,8,93,6.11,2.38,273,2.83,92.4,1,0,0,45,PASS
PCB_1000,6,139,2.65,2.34,49,2.79,90.2,1,1,1,35,PASS
